{"cameraMode":{"drawMode":1,"name":"Wireframe","section":"Shading Mode"},"sceneLighting":false,"audioPlay":false,"sceneViewState":{"showFog":true,"showMaterialUpdate":false,"showSkybox":false,"showFlares":true,"showImageEffects":true,"showParticleSystems":true},"in2DMode":false,"pivot":{"x":468.6099853515625,"y":197.72000122070313,"z":0.0},"rotation":{"x":0.08017684519290924,"y":-0.10238857567310333,"z":-0.008279483765363694,"w":-0.9914793372154236},"size":3.5356223583221437,"orthographic":false}