{"cameraMode":{"drawMode":1,"name":"Wireframe","section":"Shading Mode"},"sceneLighting":false,"audioPlay":false,"sceneViewState":{"showFog":true,"showMaterialUpdate":false,"showSkybox":false,"showFlares":true,"showImageEffects":true,"showParticleSystems":true},"in2DMode":false,"pivot":{"x":428.5,"y":265.95001220703127,"z":0.3367325961589813},"rotation":{"x":0.00006299040978774428,"y":0.9999397397041321,"z":0.008690083399415017,"w":-0.007198814768344164},"size":0.08658844977617264,"orthographic":false}