{"cameraMode":{"drawMode":1,"name":"Wireframe","section":"Shading Mode"},"sceneLighting":false,"audioPlay":false,"sceneViewState":{"showFog":true,"showMaterialUpdate":false,"showSkybox":false,"showFlares":true,"showImageEffects":true,"showParticleSystems":true},"in2DMode":false,"pivot":{"x":-0.05815836787223816,"y":0.01452203094959259,"z":-0.0949999988079071},"rotation":{"x":0.10089143365621567,"y":-0.40472546219825747,"z":-0.04498236998915672,"w":-0.907747209072113},"size":0.5852803587913513,"orthographic":false}